<?xml version="1.0" encoding="UTF-8"?>
<preferences>
 <debug showDebugMenu="0" />
 <systemtable>
  <columns>
   <connections preferredWidth="127" />
   <irq preferredWidth="34" />
  </columns>
 </systemtable>
 <clocktable>
  <columns>
   <clockname preferredWidth="221" />
   <clocksource preferredWidth="220" />
   <frequency preferredWidth="213" />
  </columns>
 </clocktable>
 <library expandedCategories="Library/PLL,Project,Library" />
 <window width="980" height="1036" x="319" y="20" />
 <generation synthesis="VHDL" />
 <hdlexample language="VHDL" />
</preferences>
