<?xml version="1.0" ?>
<LOG_ROOT>
	<PROJECT NAME="toplevel">
		<CBX_INST_ENTRY INSTANCE_NAME="|toplevel|nios:niosII|nios_jtag_uart_0:jtag_uart_0|nios_jtag_uart_0_scfifo_w:the_nios_jtag_uart_0_scfifo_w|scfifo:wfifo" CBX_FILE_NAME="scfifo_1n21.tdf"/>
		<CBX_INST_ENTRY INSTANCE_NAME="|toplevel|nios:niosII|nios_nios2_qsys_0:nios2_qsys_0|nios_nios2_qsys_0_nios2_oci:the_nios_nios2_qsys_0_nios2_oci|nios_nios2_qsys_0_nios2_ocimem:the_nios_nios2_qsys_0_nios2_ocimem|nios_nios2_qsys_0_ociram_sp_ram_module:nios_nios2_qsys_0_ociram_sp_ram|altsyncram:the_altsyncram" CBX_FILE_NAME="altsyncram_dv71.tdf"/>
		<CBX_INST_ENTRY INSTANCE_NAME="|toplevel|nios:niosII|nios_nios2_qsys_0:nios2_qsys_0|nios_nios2_qsys_0_register_bank_a_module:nios_nios2_qsys_0_register_bank_a|altsyncram:the_altsyncram" CBX_FILE_NAME="altsyncram_9ig1.tdf"/>
		<CBX_INST_ENTRY INSTANCE_NAME="|toplevel|nios:niosII|nios_nios2_qsys_0:nios2_qsys_0|nios_nios2_qsys_0_register_bank_b_module:nios_nios2_qsys_0_register_bank_b|altsyncram:the_altsyncram" CBX_FILE_NAME="altsyncram_aig1.tdf"/>
		<CBX_INST_ENTRY INSTANCE_NAME="|toplevel|nios:niosII|nios_jtag_uart_0:jtag_uart_0|nios_jtag_uart_0_scfifo_r:the_nios_jtag_uart_0_scfifo_r|scfifo:rfifo" CBX_FILE_NAME="scfifo_1n21.tdf"/>
		<CBX_INST_ENTRY INSTANCE_NAME="|toplevel|nios:niosII|nios_onchip_memory2_0:onchip_memory2_0|altsyncram:the_altsyncram" CBX_FILE_NAME="altsyncram_1lc1.tdf"/>
	</PROJECT>
</LOG_ROOT>
